{
  "users": {
    "7785427704": {
      "user_id": 7785427704,
      "balance": 4651.0,
      "currency": "UAH",
      "registration_date": "2025-07-03",
      "agreement_accepted": true,
      "last_activity": "2025-07-03T05:28:41.435837",
      "total_spent": 0.0,
      "containers_count": 1
    }
  },
  "containers": {
    "1": {
      "user_id": 7785427704,
      "name": "userbot_7785427704_standard_1m",
      "tariff": "standard",
      "docker_name": "lufhost_userbot_7785427704_standard_1m_8215",
      "port": 8215,
      "status": "🟢",
      "server": "MSK",
      "subscription_expires": "Через 1 мес.",
      "created_at": "2025-07-03T05:23:26.499838",
      "updated_at": "2025-07-03T05:27:45.574582"
    }
  },
  "payments": {
    "1": {
      "payment_id": 1,
      "user_id": 7785427704,
      "amount": 5000.0,
      "payment_method": "tinkoff",
      "status": "pending",
      "created_at": "2025-07-03T05:16:05.739494",
      "updated_at": "2025-07-03T05:16:05.739503",
      "expires_at": "2025-07-04T05:16:05.739504"
    },
    "2": {
      "payment_id": 2,
      "user_id": 7785427704,
      "amount": 1000.0,
      "payment_method": "sberpay",
      "status": "pending",
      "created_at": "2025-07-03T05:17:54.619913",
      "updated_at": "2025-07-03T05:17:54.619921",
      "expires_at": "2025-07-04T05:17:54.619923"
    },
    "3": {
      "payment_id": 3,
      "user_id": 7785427704,
      "amount": 400.0,
      "payment_method": "sberpay",
      "status": "pending",
      "created_at": "2025-07-03T05:19:40.349465",
      "updated_at": "2025-07-03T05:19:40.349472",
      "expires_at": "2025-07-04T05:19:40.349475"
    },
    "4": {
      "payment_id": 4,
      "user_id": 7785427704,
      "amount": 5000.0,
      "payment_method": "tinkoff",
      "status": "approved",
      "created_at": "2025-07-03T05:22:08.190326",
      "updated_at": "2025-07-03T05:22:30.681894",
      "expires_at": "2025-07-04T05:22:08.190334"
    }
  },
  "settings": {
    "next_container_id": 2,
    "next_payment_id": 5,
    "maintenance": {
      "enabled": false,
      "message": "Проводятся технические работы. Ожидаемое время завершения: в течение часа.",
      "updated_at": "2025-07-03T05:30:56.662173",
      "started_at": "2025-07-03T05:30:37.948645",
      "started_by": null,
      "ended_at": "2025-07-03T05:30:56.662224",
      "ended_by": null
    }
  }
}